attempt_id,family,requested_qubits,circuit_width_qubits,selection_status,mps_node_selection_runtime_seconds,observed_max_bond_dimension_chi
extension:ae:q15,ae,15,15,selector_complete,0.185348224,27
extension:ae:q18,ae,18,18,selector_complete,0.349391449,36
extension:ae:q20,ae,20,20,selector_complete,0.48941798,38
extension:ae:q24,ae,24,24,selector_complete,0.781436882,38
extension:ae:q30,ae,30,30,selector_complete,1.522389033,40
extension:ae:q40,ae,40,40,selector_complete,2.279277079,34
extension:bv:q15,bv,15,15,selector_complete,0.042367356,1
extension:bv:q18,bv,18,18,selector_complete,0.043147563,1
extension:bv:q20,bv,20,20,selector_complete,0.046409385,1
extension:bv:q24,bv,24,24,selector_complete,0.046996057,1
extension:bv:q30,bv,30,30,selector_complete,0.050153679,1
extension:bv:q40,bv,40,40,selector_complete,0.063505104,1
extension:bv:q50,bv,50,50,selector_complete,0.070288861,1
extension:cdkm_ripple_carry_adder:q18,cdkm_ripple_carry_adder,18,18,selector_complete,0.080015,1
extension:cdkm_ripple_carry_adder:q20,cdkm_ripple_carry_adder,20,20,selector_complete,0.086967345,1
extension:cdkm_ripple_carry_adder:q24,cdkm_ripple_carry_adder,24,24,selector_complete,0.109981893,1
extension:cdkm_ripple_carry_adder:q30,cdkm_ripple_carry_adder,30,30,selector_complete,0.14068158,1
extension:cdkm_ripple_carry_adder:q40,cdkm_ripple_carry_adder,40,40,selector_complete,0.202875327,1
extension:cdkm_ripple_carry_adder:q50,cdkm_ripple_carry_adder,50,50,selector_complete,0.247010886,1
extension:dj:q15,dj,15,15,selector_complete,0.046076476,1
extension:dj:q18,dj,18,18,selector_complete,0.047158825,1
extension:dj:q20,dj,20,20,selector_complete,0.050333793,1
extension:dj:q24,dj,24,24,selector_complete,0.052289601,1
extension:dj:q30,dj,30,30,selector_complete,0.058074593,1
extension:dj:q40,dj,40,40,selector_complete,0.073953422,1
extension:dj:q50,dj,50,50,selector_complete,0.083503019,1
extension:draper_qft_adder:q18,draper_qft_adder,18,18,selector_complete,0.078009489,1
extension:draper_qft_adder:q20,draper_qft_adder,20,20,selector_complete,0.075651432,1
extension:draper_qft_adder:q24,draper_qft_adder,24,24,selector_complete,0.097414266,1
extension:draper_qft_adder:q30,draper_qft_adder,30,30,selector_complete,0.139579551,1
extension:draper_qft_adder:q40,draper_qft_adder,40,40,selector_complete,0.283270105,1
extension:draper_qft_adder:q50,draper_qft_adder,50,50,selector_complete,0.44070079,1
extension:full_adder:q18,full_adder,18,18,selector_complete,0.079550694,1
extension:full_adder:q20,full_adder,20,20,selector_complete,0.087187939,1
extension:full_adder:q24,full_adder,24,24,selector_complete,0.101147342,1
extension:full_adder:q30,full_adder,30,30,selector_complete,0.125748755,1
extension:full_adder:q40,full_adder,40,40,selector_complete,0.182067882,1
extension:full_adder:q50,full_adder,50,50,selector_complete,0.246696292,1
extension:ghz:q15,ghz,15,15,selector_complete,0.041613706,2
extension:ghz:q18,ghz,18,18,selector_complete,0.041499138,2
extension:ghz:q20,ghz,20,20,selector_complete,0.041825347,2
extension:ghz:q24,ghz,24,24,selector_complete,0.044480312,2
extension:ghz:q30,ghz,30,30,selector_complete,0.043428148,2
extension:ghz:q40,ghz,40,40,selector_complete,0.046659094,2
extension:ghz:q50,ghz,50,50,selector_complete,0.049915328,2
extension:graphstate:q15,graphstate,15,15,selector_complete,0.062745017,64
extension:graphstate:q18,graphstate,18,18,selector_complete,0.081415418,64
extension:graphstate:q20,graphstate,20,20,selector_complete,2.678962475,512
extension:graphstate:q24,graphstate,24,24,selector_complete,809.24295583,2048
extension:half_adder:q15,half_adder,15,15,selector_complete,0.089913814,1
extension:hhl:q15,hhl,15,15,selector_complete,0.902675929,111
extension:hhl:q18,hhl,18,18,selector_complete,2.443180105,146
extension:hhl:q20,hhl,20,20,selector_complete,3.607134873,151
extension:hhl:q24,hhl,24,24,selector_complete,4.988147276,128
extension:hhl:q30,hhl,30,30,selector_complete,5.186779823,79
extension:hhl:q40,hhl,40,40,selector_complete,6.173113005,70
extension:hhl:q50,hhl,50,50,selector_complete,8.03891961,71
extension:modular_adder:q18,modular_adder,18,18,selector_complete,0.086166983,1
extension:modular_adder:q20,modular_adder,20,20,selector_complete,0.084475152,1
extension:modular_adder:q24,modular_adder,24,24,selector_complete,0.09236211,1
extension:modular_adder:q30,modular_adder,30,30,selector_complete,0.11349516,1
extension:modular_adder:q40,modular_adder,40,40,selector_complete,0.174862477,1
extension:modular_adder:q50,modular_adder,50,50,selector_complete,0.241138667,1
extension:multiplier:q20,multiplier,20,20,selector_complete,1.318312053,1
extension:multiplier:q24,multiplier,24,24,selector_complete,2.104079074,1
extension:multiplier:q40,multiplier,40,40,selector_complete,7.275391986,1
extension:qaoa:q15,qaoa,15,15,selector_complete,4.757090178,128
extension:qaoa:q18,qaoa,18,18,selector_complete,129.204518451,512
extension:qft:q15,qft,15,15,selector_complete,0.065995459,1
extension:qft:q18,qft,18,18,selector_complete,0.081210701,1
extension:qft:q20,qft,20,20,selector_complete,0.092935579,1
extension:qft:q24,qft,24,24,selector_complete,0.117218214,1
extension:qft:q30,qft,30,30,selector_complete,0.176646358,1
extension:qft:q40,qft,40,40,selector_complete,0.338171571,1
extension:qft:q50,qft,50,50,selector_complete,0.579671221,1
extension:qftentangled:q15,qftentangled,15,15,selector_complete,0.150646086,2
extension:qftentangled:q18,qftentangled,18,18,selector_complete,0.100100629,2
extension:qftentangled:q20,qftentangled,20,20,selector_complete,0.102650642,2
extension:qftentangled:q24,qftentangled,24,24,selector_complete,0.165016656,2
extension:qftentangled:q30,qftentangled,30,30,selector_complete,0.213128392,2
extension:qftentangled:q40,qftentangled,40,40,selector_complete,0.42061218,2
extension:qftentangled:q50,qftentangled,50,50,selector_complete,0.698355067,2
extension:qnn:q15,qnn,15,15,selector_complete,0.050515383,2
extension:qnn:q18,qnn,18,18,selector_complete,0.064904725,2
extension:qnn:q20,qnn,20,20,selector_complete,0.056220697,2
extension:qnn:q24,qnn,24,24,selector_complete,0.063872324,2
extension:qnn:q30,qnn,30,30,selector_complete,0.073863886,2
extension:qnn:q40,qnn,40,40,selector_complete,0.090702105,2
extension:qnn:q50,qnn,50,50,selector_complete,0.116675258,2
extension:qpeexact:q15,qpeexact,15,15,selector_complete,0.065920083,1
extension:qpeexact:q18,qpeexact,18,18,selector_complete,0.082181239,1
extension:qpeexact:q20,qpeexact,20,20,selector_complete,0.093150975,1
extension:qpeexact:q24,qpeexact,24,24,selector_complete,0.123551349,1
extension:qpeexact:q30,qpeexact,30,30,selector_complete,0.188116497,1
extension:qpeexact:q40,qpeexact,40,40,selector_complete,0.364788093,1
extension:qpeexact:q50,qpeexact,50,50,selector_complete,0.55569368,1
extension:qpeinexact:q15,qpeinexact,15,15,selector_complete,0.099268967,14
extension:qpeinexact:q18,qpeinexact,18,18,selector_complete,0.154742222,14
extension:qpeinexact:q20,qpeinexact,20,20,selector_complete,0.19278694,14
extension:qpeinexact:q24,qpeinexact,24,24,selector_complete,0.300604611,14
extension:qpeinexact:q30,qpeinexact,30,30,selector_complete,0.529304208,14
extension:qpeinexact:q40,qpeinexact,40,40,selector_complete,1.081596917,14
extension:qpeinexact:q50,qpeinexact,50,50,selector_complete,1.819159175,14
extension:qwalk:q15,qwalk,15,15,selector_complete,6.367824056,5
extension:qwalk:q18,qwalk,18,18,selector_complete,10.66095771,5
extension:qwalk:q20,qwalk,20,20,selector_complete,14.695001266,5
extension:qwalk:q24,qwalk,24,24,selector_complete,29.21849406,16
extension:qwalk:q30,qwalk,30,30,selector_complete,48.599777541,16
extension:qwalk:q40,qwalk,40,40,selector_complete,95.297805011,16
extension:qwalk:q50,qwalk,50,50,selector_complete,163.090941907,16
extension:randomcircuit:q18,randomcircuit,18,18,selector_complete,412.17510803,512
extension:rg_qft_multiplier:q20,rg_qft_multiplier,20,20,selector_complete,0.542892437,1
extension:rg_qft_multiplier:q24,rg_qft_multiplier,24,24,selector_complete,1.045352787,1
extension:rg_qft_multiplier:q40,rg_qft_multiplier,40,40,selector_complete,6.23366585,1
extension:shor:q18,shor,18,18,selector_complete,6.805623112,6
extension:vbe_ripple_carry_adder:q40,vbe_ripple_carry_adder,40,40,selector_complete,0.236402707,1
extension:vqe_real_amp:q15,vqe_real_amp,15,15,selector_complete,0.053330415,8
extension:vqe_real_amp:q18,vqe_real_amp,18,18,selector_complete,0.056996449,8
extension:vqe_real_amp:q20,vqe_real_amp,20,20,selector_complete,0.134607946,8
extension:vqe_real_amp:q24,vqe_real_amp,24,24,selector_complete,0.141151787,8
extension:vqe_real_amp:q30,vqe_real_amp,30,30,selector_complete,0.151371893,8
extension:vqe_real_amp:q40,vqe_real_amp,40,40,selector_complete,0.099249597,8
extension:vqe_real_amp:q50,vqe_real_amp,50,50,selector_complete,0.123578994,8
extension:vqe_su2:q15,vqe_su2,15,15,selector_complete,0.059903929,8
extension:vqe_su2:q18,vqe_su2,18,18,selector_complete,0.071818673,8
extension:vqe_su2:q20,vqe_su2,20,20,selector_complete,0.074515161,8
extension:vqe_su2:q24,vqe_su2,24,24,selector_complete,0.082272111,8
extension:vqe_su2:q30,vqe_su2,30,30,selector_complete,0.097646052,8
extension:vqe_su2:q40,vqe_su2,40,40,selector_complete,0.137161682,8
extension:vqe_su2:q50,vqe_su2,50,50,selector_complete,0.19603903,8
extension:vqe_two_local:q15,vqe_two_local,15,15,selector_complete,0.277238475,16
extension:vqe_two_local:q18,vqe_two_local,18,18,selector_complete,0.481759208,16
extension:vqe_two_local:q20,vqe_two_local,20,20,selector_complete,0.676718772,16
extension:vqe_two_local:q24,vqe_two_local,24,24,selector_complete,1.224607376,16
extension:vqe_two_local:q30,vqe_two_local,30,30,selector_complete,2.514344157,16
extension:vqe_two_local:q40,vqe_two_local,40,40,selector_complete,6.237050982,16
extension:vqe_two_local:q50,vqe_two_local,50,50,selector_complete,12.572735987,16
extension:wstate:q15,wstate,15,15,selector_complete,0.048362543,2
extension:wstate:q18,wstate,18,18,selector_complete,0.050912401,2
extension:wstate:q20,wstate,20,20,selector_complete,0.049833954,2
extension:wstate:q24,wstate,24,24,selector_complete,0.05677831,2
extension:wstate:q30,wstate,30,30,selector_complete,0.06060779,2
extension:wstate:q40,wstate,40,40,selector_complete,0.068576479,2
extension:wstate:q50,wstate,50,50,selector_complete,0.080523137,2
